Tista 707-708,8/21/2010 13:23,"lat:25.157975 long:089.755680 speed:000.0
T:21/08/10  13:23
http://www.wxlxy.com/GPSTracker.aspx?key=354776837427636@1263800.150@4534080.712"
Tista 707-708,8/21/2010 13:22,"lat:25.157434 long:089.755859 speed:009.0
T:21/08/10  13:22
http://www.wxlxy.com/GPSTracker.aspx?key=354776637427336@944604.75@2267577.534"
Tista 707-708,8/21/2010 13:22,"lat:25.156637 long:089.756136 speed:014.0
T:21/08/10  13:22
http://www.wxlxy.com/GPSTracker.aspx?key=354776837427536@1253096.125@3780680.712"
Tista 707-708,8/21/2010 13:21,"lat:25.154472 long:089.756869 speed:033.0
T:21/08/10  13:21
http://www.wxlxy.com/GPSTracker.aspx?key=354776737427736@1081304.175@5298083.623"
Tista 707-708,8/21/2010 13:21,"lat:25.151318 long:089.757926 speed:040.0
T:21/08/10  13:21
http://www.wxlxy.com/GPSTracker.aspx?key=354776137427536@151318.125@3789630.89"
Tista 707-708,8/21/2010 13:20,"lat:25.148014 long:089.759033 speed:044.0
T:21/08/10  13:20
http://www.wxlxy.com/GPSTracker.aspx?key=354776437427936@592056.225@6831297.356"
Tista 707-708,8/21/2010 13:20,"lat:25.144194 long:089.760319 speed:048.0
T:21/08/10  13:19
http://www.wxlxy.com/GPSTracker.aspx?key=354776237427136@288388.25@760319.178"
Tista 707-708,8/21/2010 13:19,"lat:25.140381 long:089.761605 speed:049.0
T:21/08/10  13:19
http://www.wxlxy.com/GPSTracker.aspx?key=354776237427336@280762.75@2284815.178"
Tista 707-708,8/21/2010 13:18,"lat:25.136296 long:089.762988 speed:048.0
T:21/08/10  13:18
http://www.wxlxy.com/GPSTracker.aspx?key=354776837427936@1090368.225@6866892.712"
Tista 707-708,8/21/2010 13:18,"lat:25.132231 long:089.764339 speed:048.0
T:21/08/10  13:18
http://www.wxlxy.com/GPSTracker.aspx?key=354776837427236@1057848.50@1528678.712"
Tista 707-708,8/21/2010 13:17,"lat:25.128402 long:089.765625 speed:048.0
T:21/08/10  13:17
http://www.wxlxy.com/GPSTracker.aspx?key=354776937427436@1155618.100@3062500.801"
Tista 707-708,8/21/2010 13:17,"lat:25.124239 long:089.767008 speed:048.0
T:21/08/10  13:17
http://www.wxlxy.com/GPSTracker.aspx?key=354776637427436@745434.100@3068032.534"
Tista 707-708,8/21/2010 13:16,"lat:25.120349 long:089.768327 speed:048.0
T:21/08/10  13:16
http://www.wxlxy.com/GPSTracker.aspx?key=354776137427736@120349.175@5378289.89"
Tista 707-708,8/21/2010 13:16,"lat:25.116292 long:089.769678 speed:046.0
T:21/08/10  13:16
http://www.wxlxy.com/GPSTracker.aspx?key=354776237427236@232584.50@1539356.178"
Tista 707-708,8/21/2010 13:15,"lat:25.112435 long:089.771126 speed:046.0
T:21/08/10  13:15
http://www.wxlxy.com/GPSTracker.aspx?key=354776237427936@224870.225@6940134.178"
Tista 707-708,8/21/2010 13:15,"lat:25.109098 long:089.773079 speed:046.0
T:21/08/10  13:14
http://www.wxlxy.com/GPSTracker.aspx?key=354776437427536@436392.125@3865395.356"
Tista 707-708,8/21/2010 13:14,"lat:25.105579 long:089.775146 speed:046.0
T:21/08/10  13:14
http://www.wxlxy.com/GPSTracker.aspx?key=354776337427736@316737.175@5426022.267"
Tista 707-708,8/21/2010 13:13,"lat:25.102315 long:089.777067 speed:044.0
T:21/08/10  13:13
http://www.wxlxy.com/GPSTracker.aspx?key=354776237427936@204630.225@6993603.178"
Tista 707-708,8/21/2010 13:13,"lat:25.098946 long:089.779053 speed:042.0
T:21/08/10  13:13
http://www.wxlxy.com/GPSTracker.aspx?key=354776837427836@791568.200@6232424.712"
Tista 707-708,8/21/2010 13:12,"lat:25.095907 long:089.780859 speed:040.0
T:21/08/10  13:12
http://www.wxlxy.com/GPSTracker.aspx?key=354776937427436@863163.100@3123436.801"
Tista 707-708,8/21/2010 13:12,"lat:25.092782 long:089.782699 speed:038.0
T:21/08/10  13:12
http://www.wxlxy.com/GPSTracker.aspx?key=354776737427536@649474.125@3913495.623"
Tista 707-708,8/21/2010 13:11,"lat:25.089860 long:089.784408 speed:035.0
T:21/08/10  13:11
http://www.wxlxy.com/GPSTracker.aspx?key=354776737427836@629020.200@6275264.623"
Tista 707-708,8/21/2010 13:11,"lat:25.087305 long:089.785921 speed:033.0
T:21/08/10  13:11
http://www.wxlxy.com/GPSTracker.aspx?key=354776937427636@785745.150@4715526.801"
Tista 707-708,8/21/2010 13:10,"lat:25.084827 long:089.787386 speed:029.0
T:21/08/10  13:10
http://www.wxlxy.com/GPSTracker.aspx?key=354776437427936@339308.225@7086474.356"
Tista 707-708,8/21/2010 13:10,"lat:25.082695 long:089.788623 speed:025.0
T:21/08/10  13:09
http://www.wxlxy.com/GPSTracker.aspx?key=354776837427836@661560.200@6308984.712"
Tista 707-708,8/21/2010 13:09,"lat:25.080790 long:089.789746 speed:020.0
T:21/08/10  13:09
http://www.wxlxy.com/GPSTracker.aspx?key=354776437427736@323160.175@5528222.356"
Tista 707-708,8/21/2010 13:08,"lat:25.079468 long:089.790527 speed:011.0
T:21/08/10  13:08
http://www.wxlxy.com/GPSTracker.aspx?key=354776837427936@635744.225@7114743.712"
Tista 707-708,8/21/2010 13:08,"lat:25.078971 long:089.790837 speed:000.0
T:21/08/10  13:08
http://www.wxlxy.com/GPSTracker.aspx?key=354776237427936@157942.225@7117533.178"
Tista 707-708,8/21/2010 13:07,"lat:25.078971 long:089.790837 speed:000.0
T:21/08/10  13:07
http://www.wxlxy.com/GPSTracker.aspx?key=354776137427436@78971.100@3163348.89"
Tista 707-708,8/21/2010 13:07,"lat:25.078971 long:089.790837 speed:000.0
T:21/08/10  13:07
http://www.wxlxy.com/GPSTracker.aspx?key=354776837427636@631768.150@4745022.712"
Tista 707-708,8/21/2010 13:06,"lat:25.078341 long:089.791211 speed:018.0
T:21/08/10  13:06
http://www.wxlxy.com/GPSTracker.aspx?key=354776837427636@626728.150@4747266.712"
Tista 707-708,8/21/2010 13:06,"lat:25.076628 long:089.792220 speed:027.0
T:21/08/10  13:06
http://www.wxlxy.com/GPSTracker.aspx?key=354776937427236@689652.50@1584440.801"
Tista 707-708,8/21/2010 13:05,"lat:25.074048 long:089.793734 speed:035.0
T:21/08/10  13:05
http://www.wxlxy.com/GPSTracker.aspx?key=354776937427236@666432.50@1587468.801"
Tista 707-708,8/21/2010 13:05,"lat:25.071025 long:089.795508 speed:040.0
T:21/08/10  13:04
http://www.wxlxy.com/GPSTracker.aspx?key=354776937427536@639225.125@3977540.801"
Tista 707-708,8/21/2010 13:03,"lat:25.064364 long:089.799430 speed:048.0
T:21/08/10  13:03
http://www.wxlxy.com/GPSTracker.aspx?key=354776137427336@64364.75@2398290.89"
Tista 707-708,8/21/2010 13:03,"lat:25.060872 long:089.801481 speed:048.0
T:21/08/10  13:03
http://www.wxlxy.com/GPSTracker.aspx?key=354776437427636@243488.150@4808886.356"
Tista 707-708,8/21/2010 13:02,"lat:25.057166 long:089.803662 speed:048.0
T:21/08/10  13:02
http://www.wxlxy.com/GPSTracker.aspx?key=354776137427436@57166.100@3214648.89"
Tista 707-708,8/21/2010 13:02,"lat:25.053369 long:089.805908 speed:048.0
T:21/08/10  13:02
http://www.wxlxy.com/GPSTracker.aspx?key=354776637427936@320214.225@7253172.534"
Tista 707-708,8/21/2010 13:01,"lat:25.049780 long:089.808008 speed:048.0
T:21/08/10  13:01
http://www.wxlxy.com/GPSTracker.aspx?key=354776837427836@398240.200@6464064.712"
Tista 707-708,8/21/2010 13:01,"lat:25.045980 long:089.810254 speed:048.0
T:21/08/10  13:01
http://www.wxlxy.com/GPSTracker.aspx?key=354776537427836@229900.200@6482032.445"
Tista 707-708,8/21/2010 13:00,"lat:25.042513 long:089.812272 speed:048.0
T:21/08/10  13:00
http://www.wxlxy.com/GPSTracker.aspx?key=354776537427936@212565.225@7310448.445"
Tista 707-708,8/21/2010 12:59,"lat:25.038835 long:089.814453 speed:048.0
T:21/08/10  12:59
http://www.wxlxy.com/GPSTracker.aspx?key=354776437427236@155340.50@1628906.356"
Tista 707-708,8/21/2010 12:59,"lat:25.035181 long:089.816602 speed:048.0
T:21/08/10  12:59
http://www.wxlxy.com/GPSTracker.aspx?key=354776837427836@281448.200@6532816.712"
Tista 707-708,8/21/2010 12:58,"lat:25.031767 long:089.818620 speed:046.0
T:21/08/10  12:58
http://www.wxlxy.com/GPSTracker.aspx?key=354776537427236@158835.50@1637240.445"
Tista 707-708,8/21/2010 12:58,"lat:25.028162 long:089.820736 speed:046.0
T:21/08/10  12:58
http://www.wxlxy.com/GPSTracker.aspx?key=354776637427736@168972.175@5745152.534"
Tista 707-708,8/21/2010 12:57,"lat:25.024760 long:089.822738 speed:046.0
T:21/08/10  12:57
http://www.wxlxy.com/GPSTracker.aspx?key=354776537427336@123800.75@2468214.445"
Tista 707-708,8/21/2010 12:57,"lat:25.021159 long:089.824854 speed:046.0
T:21/08/10  12:57
http://www.wxlxy.com/GPSTracker.aspx?key=354776637427336@126954.75@2474562.534"
Tista 707-708,8/21/2010 12:56,"lat:25.017615 long:089.826937 speed:046.0
T:21/08/10  12:56
http://www.wxlxy.com/GPSTracker.aspx?key=354776337427436@52845.100@3307748.267"
Tista 707-708,8/21/2010 12:56,"lat:25.014315 long:089.828874 speed:046.0
T:21/08/10  12:56
http://www.wxlxy.com/GPSTracker.aspx?key=354776937427236@128835.50@1657748.801"
Tista 707-708,8/21/2010 12:55,"lat:25.010824 long:089.830941 speed:044.0
T:21/08/10  12:55
http://www.wxlxy.com/GPSTracker.aspx?key=354776437427436@43296.100@3323764.356"
Tista 707-708,8/21/2010 12:55,"lat:25.007495 long:089.832878 speed:044.0
T:21/08/10  12:54
http://www.wxlxy.com/GPSTracker.aspx?key=354776837427136@59960.25@832878.712"
Tista 707-708,8/21/2010 12:54,"lat:25.004020 long:089.834912 speed:042.0
T:21/08/10  12:54
http://www.wxlxy.com/GPSTracker.aspx?key=354776937427436@36180.100@3339648.801"
Tista 707-708,8/21/2010 12:53,"lat:25.000618 long:089.836914 speed:042.0
T:21/08/10  12:53
http://www.wxlxy.com/GPSTracker.aspx?key=354776837427736@4944.175@5858398.712"
Tista 707-708,8/21/2010 12:53,"lat:24.997599 long:089.838688 speed:040.0
T:21/08/10  12:53
http://www.wxlxy.com/GPSTracker.aspx?key=354776237427836@1995198.192@6709504.178"
Tista 707-708,8/21/2010 12:52,"lat:24.994491 long:089.840527 speed:038.0
T:21/08/10  12:52
http://www.wxlxy.com/GPSTracker.aspx?key=354776837427336@7955928.72@2521581.712"
Tista 707-708,8/21/2010 12:52,"lat:24.991683 long:089.842171 speed:037.0
T:21/08/10  12:52
http://www.wxlxy.com/GPSTracker.aspx?key=354776637427836@5950098.192@6737368.534"
Tista 707-708,8/21/2010 12:51,"lat:24.988851 long:089.843848 speed:035.0
T:21/08/10  12:51
http://www.wxlxy.com/GPSTracker.aspx?key=354776937427436@8899659.96@3375392.801"
Tista 707-708,8/21/2010 12:51,"lat:24.986348 long:089.845313 speed:033.0
T:21/08/10  12:51
http://www.wxlxy.com/GPSTracker.aspx?key=354776237427936@1972696.216@7607817.178"
Tista 707-708,8/21/2010 12:50,"lat:24.983927 long:089.846842 speed:029.0
T:21/08/10  12:50
http://www.wxlxy.com/GPSTracker.aspx?key=354776637427536@5903562.120@4234210.534"
Tista 707-708,8/21/2010 12:49,"lat:24.982121 long:089.848796 speed:027.0
T:21/08/10  12:49
http://www.wxlxy.com/GPSTracker.aspx?key=354776937427736@8839089.168@5941572.801"
Tista 707-708,8/21/2010 12:49,"lat:24.980729 long:089.850537 speed:022.0
T:21/08/10  12:49
http://www.wxlxy.com/GPSTracker.aspx?key=354776837427736@7845832.168@5953759.712"
Tista 707-708,8/21/2010 12:48,"lat:24.979643 long:089.851888 speed:014.0
T:21/08/10  12:48
http://www.wxlxy.com/GPSTracker.aspx?key=354776737427736@6857501.168@5963216.623"
Tista 707-708,8/21/2010 12:48,"lat:24.979061 long:089.852620 speed:000.0
T:21/08/10  12:48
http://www.wxlxy.com/GPSTracker.aspx?key=354776937427736@8811549.168@5968340.801"
Tista 707-708,8/21/2010 12:47,"lat:24.979061 long:089.852620 speed:000.0
T:21/08/10  12:47
http://www.wxlxy.com/GPSTracker.aspx?key=354776737427636@6853427.144@5115720.623"
Tista 707-708,8/21/2010 12:47,"lat:24.979061 long:089.852620 speed:000.0
T:21/08/10  12:47
http://www.wxlxy.com/GPSTracker.aspx?key=354776637427536@5874366.120@4263100.534"
Tista 707-708,8/21/2010 12:46,"lat:24.979061 long:089.852620 speed:000.0
T:21/08/10  12:46
http://www.wxlxy.com/GPSTracker.aspx?key=354776337427836@2937183.192@6820960.267"
Tista 707-708,8/21/2010 12:46,"lat:24.978772 long:089.852979 speed:012.0
T:21/08/10  12:45
http://www.wxlxy.com/GPSTracker.aspx?key=354776837427236@7830176.48@1705958.712"
Tista 707-708,8/21/2010 12:45,"lat:24.977507 long:089.854541 speed:027.0
T:21/08/10  12:45
http://www.wxlxy.com/GPSTracker.aspx?key=354776437427836@3910028.192@6836328.356"
Tista 707-708,8/21/2010 12:44,"lat:24.975712 long:089.856787 speed:037.0
T:21/08/10  12:44
http://www.wxlxy.com/GPSTracker.aspx?key=354776637427336@5854272.72@2570361.534"
Tista 707-708,8/21/2010 12:44,"lat:24.973507 long:089.859538 speed:040.0
T:21/08/10  12:44
http://www.wxlxy.com/GPSTracker.aspx?key=354776937427836@8761563.192@6876304.801"
Tista 707-708,8/21/2010 12:43,"lat:24.968697 long:089.865527 speed:044.0
T:21/08/10  12:43
http://www.wxlxy.com/GPSTracker.aspx?key=354776237427236@1937394.48@1731054.178"
Tista 707-708,8/21/2010 12:42,"lat:24.966199 long:089.868652 speed:048.0
T:21/08/10  12:42
http://www.wxlxy.com/GPSTracker.aspx?key=354776837427836@7729592.192@6949216.712"
Tista 707-708,8/21/2010 12:42,"lat:24.963485 long:089.872038 speed:046.0
T:21/08/10  12:42
http://www.wxlxy.com/GPSTracker.aspx?key=354776737427636@6744395.144@5232228.623"
Tista 707-708,8/21/2010 12:41,"lat:24.960795 long:089.875407 speed:046.0
T:21/08/10  12:41
http://www.wxlxy.com/GPSTracker.aspx?key=354776237427836@1921590.192@7003256.178"
Tista 707-708,8/21/2010 12:41,"lat:24.958252 long:089.878564 speed:046.0
T:21/08/10  12:40
http://www.wxlxy.com/GPSTracker.aspx?key=354776737427336@6707764.72@2635692.623"
Tista 707-708,8/21/2010 12:40,"lat:24.955868 long:089.882113 speed:046.0
T:21/08/10  12:40
http://www.wxlxy.com/GPSTracker.aspx?key=354776837427736@7646944.168@6174791.712"
Tista 707-708,8/21/2010 12:39,"lat:24.954431 long:089.886165 speed:046.0
T:21/08/10  12:39
http://www.wxlxy.com/GPSTracker.aspx?key=354776237427536@1908862.120@4430825.178"
Tista 707-708,8/21/2010 12:39,"lat:24.952958 long:089.890332 speed:046.0
T:21/08/10  12:39
http://www.wxlxy.com/GPSTracker.aspx?key=354776737427836@6670706.192@7122656.623"
Tista 707-708,8/21/2010 12:38,"lat:24.951558 long:089.894287 speed:044.0
T:21/08/10  12:38
http://www.wxlxy.com/GPSTracker.aspx?key=354776837427136@7612464.24@894287.712"
Tista 707-708,8/21/2010 12:38,"lat:24.950216 long:089.898063 speed:040.0
T:21/08/10  12:38
http://www.wxlxy.com/GPSTracker.aspx?key=354776237427336@1900432.72@2694189.178"
Tista 707-708,8/21/2010 12:37,"lat:24.948861 long:089.901888 speed:044.0
T:21/08/10  12:37
http://www.wxlxy.com/GPSTracker.aspx?key=354776737427236@6642027.48@1803776.623"
Tista 707-708,8/21/2010 12:37,"lat:24.947522 long:089.905664 speed:046.0
T:21/08/10  12:37
http://www.wxlxy.com/GPSTracker.aspx?key=354776637427136@5685132.24@905664.534"
Tista 707-708,8/21/2010 12:36,"lat:24.946098 long:089.909700 speed:044.0
T:21/08/10  12:36
http://www.wxlxy.com/GPSTracker.aspx?key=354776237427936@1892196.216@8187300.178"
Tista 707-708,8/21/2010 12:36,"lat:24.944771 long:089.913428 speed:044.0
T:21/08/10  12:35
http://www.wxlxy.com/GPSTracker.aspx?key=354776937427536@8502939.120@4567140.801"
Tista 707-708,8/21/2010 12:35,"lat:24.942871 long:089.917090 speed:044.0
T:21/08/10  12:35
http://www.wxlxy.com/GPSTracker.aspx?key=354776437427736@3771484.168@6419630.356"
Tista 707-708,8/21/2010 12:34,"lat:24.940141 long:089.920150 speed:044.0
T:21/08/10  12:34
http://www.wxlxy.com/GPSTracker.aspx?key=354776237427636@1880282.144@5520900.178"
Tista 707-708,8/21/2010 12:34,"lat:24.937606 long:089.922982 speed:042.0
T:21/08/10  12:34
http://www.wxlxy.com/GPSTracker.aspx?key=354776837427836@7500848.192@7383856.712"
Tista 707-708,8/21/2010 12:33,"lat:24.934957 long:089.925944 speed:042.0
T:21/08/10  12:33
http://www.wxlxy.com/GPSTracker.aspx?key=354776637427136@5609742.24@925944.534"
Tista 707-708,8/21/2010 12:33,"lat:24.932422 long:089.928792 speed:042.0
T:21/08/10  12:33
http://www.wxlxy.com/GPSTracker.aspx?key=354776537427236@4662110.48@1857584.445"
Tista 707-708,8/21/2010 12:32,"lat:24.929838 long:089.931673 speed:040.0
T:21/08/10  12:32
http://www.wxlxy.com/GPSTracker.aspx?key=354776837427136@7438704.24@931673.712"
Tista 707-708,8/21/2010 12:32,"lat:24.927327 long:089.934473 speed:038.0
T:21/08/10  12:32
http://www.wxlxy.com/GPSTracker.aspx?key=354776437427136@3709308.24@934473.356"
Tista 707-708,8/21/2010 12:31,"lat:24.925081 long:089.936979 speed:037.0
T:21/08/10  12:31
http://www.wxlxy.com/GPSTracker.aspx?key=354776137427736@925081.168@6558853.89"
Tista 707-708,8/21/2010 12:30,"lat:24.922872 long:089.939453 speed:035.0
T:21/08/10  12:30
http://www.wxlxy.com/GPSTracker.aspx?key=354776837427736@7382976.168@6576171.712"
Tista 707-708,8/21/2010 12:30,"lat:24.920935 long:089.941618 speed:031.0
T:21/08/10  12:30
http://www.wxlxy.com/GPSTracker.aspx?key=354776837427836@7367480.192@7532944.712"
Tista 707-708,8/21/2010 12:29,"lat:24.919063 long:089.943701 speed:027.0
T:21/08/10  12:29
http://www.wxlxy.com/GPSTracker.aspx?key=354776937427136@8271567.24@943701.801"
Tista 707-708,8/21/2010 12:29,"lat:24.917749 long:089.945687 speed:025.0
T:21/08/10  12:29
http://www.wxlxy.com/GPSTracker.aspx?key=354776837427636@7341992.144@5674122.712"
Tista 707-708,8/21/2010 12:28,"lat:24.917004 long:089.947835 speed:020.0
T:21/08/10  12:28
http://www.wxlxy.com/GPSTracker.aspx?key=354776937427536@8253036.120@4739175.801"
Tista 707-708,8/21/2010 12:28,"lat:24.916516 long:089.949593 speed:014.0
T:21/08/10  12:28
http://www.wxlxy.com/GPSTracker.aspx?key=354776937427436@8248644.96@3798372.801"
Tista 707-708,8/21/2010 12:27,"lat:24.916134 long:089.951042 speed:016.0
T:21/08/10  12:27
http://www.wxlxy.com/GPSTracker.aspx?key=354776137427936@916134.216@8559378.89"
Tista 707-708,8/21/2010 12:27,"lat:24.915796 long:089.952474 speed:011.0
T:21/08/10  12:26
http://www.wxlxy.com/GPSTracker.aspx?key=354776937427636@8242164.144@5714844.801"
Tista 707-708,8/21/2010 12:26,"lat:24.915568 long:089.953060 speed:000.0
T:21/08/10  12:26
http://www.wxlxy.com/GPSTracker.aspx?key=354776637427836@5493408.192@7624480.534"
Tista 707-708,8/21/2010 12:24,"lat:24.915568 long:089.953060 speed:000.0
T:21/08/10  12:24
http://www.wxlxy.com/GPSTracker.aspx?key=354776437427736@3662272.168@6671420.356"
Tista 707-708,8/21/2010 12:24,"lat:24.915568 long:089.953060 speed:000.0
T:21/08/10  12:24
http://www.wxlxy.com/GPSTracker.aspx?key=354776437427936@3662272.216@8577540.356"
Tista 707-708,8/21/2010 12:23,"lat:24.915145 long:089.954037 speed:018.0
T:21/08/10  12:23
http://www.wxlxy.com/GPSTracker.aspx?key=354776137427636@915145.144@5724222.89"
Tista 707-708,8/21/2010 12:23,"lat:24.914339 long:089.955941 speed:027.0
T:21/08/10  12:23
http://www.wxlxy.com/GPSTracker.aspx?key=354776437427236@3657356.48@1911882.356"
Tista 707-708,8/21/2010 12:22,"lat:24.913053 long:089.958643 speed:033.0
T:21/08/10  12:22
http://www.wxlxy.com/GPSTracker.aspx?key=354776737427536@6391371.120@4793215.623"
Tista 707-708,8/21/2010 12:22,"lat:24.911344 long:089.961328 speed:038.0
T:21/08/10  12:21
http://www.wxlxy.com/GPSTracker.aspx?key=354776537427236@4556720.48@1922656.445"
Tista 707-708,8/21/2010 12:21,"lat:24.909281 long:089.964567 speed:038.0
T:21/08/10  12:21
http://www.wxlxy.com/GPSTracker.aspx?key=354776237427136@1818562.24@964567.178"
Tista 707-708,8/21/2010 12:20,"lat:24.907259 long:089.967741 speed:038.0
T:21/08/10  12:20
http://www.wxlxy.com/GPSTracker.aspx?key=354776137427936@907259.216@8709669.89"
Tista 707-708,8/21/2010 12:20,"lat:24.905461 long:089.970540 speed:037.0
T:21/08/10  12:20
http://www.wxlxy.com/GPSTracker.aspx?key=354776737427736@6338227.168@6793780.623"
Tista 707-708,8/21/2010 12:19,"lat:24.903585 long:089.973486 speed:037.0
T:21/08/10  12:19
http://www.wxlxy.com/GPSTracker.aspx?key=354776937427936@8132265.216@8761374.801"
Tista 707-708,8/21/2010 12:19,"lat:24.901880 long:089.976139 speed:035.0
T:21/08/10  12:19
http://www.wxlxy.com/GPSTracker.aspx?key=354776237427536@1803760.120@4880695.178"
Tista 707-708,8/21/2010 12:18,"lat:24.900179 long:089.978792 speed:031.0
T:21/08/10  12:18
http://www.wxlxy.com/GPSTracker.aspx?key=354776837427936@7201432.216@8809128.712"
Tista 707-708,8/21/2010 12:18,"lat:24.898344 long:089.981152 speed:029.0
T:21/08/10  12:17
http://www.wxlxy.com/GPSTracker.aspx?key=354776637427336@5390064.72@2943456.534"
Tista 707-708,8/21/2010 12:17,"lat:24.896692 long:089.983105 speed:025.0
T:21/08/10  12:17
http://www.wxlxy.com/GPSTracker.aspx?key=354776237427836@1793384.192@7864840.178"
Tista 707-708,8/21/2010 12:16,"lat:24.895194 long:089.984880 speed:020.0
T:21/08/10  12:16
http://www.wxlxy.com/GPSTracker.aspx?key=354776937427736@8056746.168@6894160.801"
Tista 707-708,8/21/2010 12:16,"lat:24.894112 long:089.986149 speed:014.0
T:21/08/10  12:16
http://www.wxlxy.com/GPSTracker.aspx?key=354776237427636@1788224.144@5916894.178"
Tista 707-708,8/21/2010 12:15,"lat:24.892822 long:089.987679 speed:000.0
T:21/08/10  12:15
http://www.wxlxy.com/GPSTracker.aspx?key=354776537427936@4464110.216@8889111.445"
Tista 707-708,8/21/2010 12:14,"lat:24.892611 long:089.987939 speed:000.0
T:21/08/10  12:14
http://www.wxlxy.com/GPSTracker.aspx?key=354776337427636@2677833.144@5927634.267"
Tista 707-708,8/21/2010 12:14,"lat:24.892228 long:089.988379 speed:012.0
T:21/08/10  12:14
http://www.wxlxy.com/GPSTracker.aspx?key=354776537427436@4461140.96@3953516.445"
Tista 707-708,8/21/2010 12:13,"lat:24.891292 long:089.989486 speed:016.0
T:21/08/10  12:13
http://www.wxlxy.com/GPSTracker.aspx?key=354776937427836@8021628.192@7915888.801"
Tista 707-708,8/21/2010 12:13,"lat:24.890092 long:089.990918 speed:020.0
T:21/08/10  12:12
http://www.wxlxy.com/GPSTracker.aspx?key=354776137427836@890092.192@7927344.89"
Tista 707-708,8/21/2010 12:12,"lat:24.888635 long:089.992659 speed:025.0
T:21/08/10  12:12
http://www.wxlxy.com/GPSTracker.aspx?key=354776337427236@2665905.48@1985318.267"
Tista 707-708,8/21/2010 12:11,"lat:24.887069 long:089.994499 speed:029.0
T:21/08/10  12:11
http://www.wxlxy.com/GPSTracker.aspx?key=354776437427436@3548276.96@3977996.356"
Tista 707-708,8/21/2010 12:11,"lat:24.885286 long:089.996615 speed:029.0
T:21/08/10  12:11
http://www.wxlxy.com/GPSTracker.aspx?key=354776937427236@7967574.48@1993230.801"
Tista 707-708,8/21/2010 12:10,"lat:24.883638 long:089.998568 speed:027.0
T:21/08/10  12:10
http://www.wxlxy.com/GPSTracker.aspx?key=354776637427836@5301828.192@7988544.534"
Tista 707-708,8/21/2010 12:10,"lat:24.881929 long:090.000602 speed:027.0
T:21/08/10  12:10
http://www.wxlxy.com/GPSTracker.aspx?key=354776637427836@5291574.192@4816.540"
Tista 707-708,8/21/2010 12:09,"lat:24.880221 long:090.002620 speed:029.0
T:21/08/10  12:09
http://www.wxlxy.com/GPSTracker.aspx?key=354776837427436@7041768.96@10480.720"
Tista 707-708,8/21/2010 12:09,"lat:24.878446 long:090.004720 speed:031.0
T:21/08/10  12:08
http://www.wxlxy.com/GPSTracker.aspx?key=354776437427336@3513784.72@14160.360"
Tista 707-708,8/21/2010 12:08,"lat:24.876453 long:090.007080 speed:035.0
T:21/08/10  12:08
http://www.wxlxy.com/GPSTracker.aspx?key=354776637427336@5258718.72@21240.540"
Tista 707-708,8/21/2010 12:07,"lat:24.874361 long:090.009554 speed:040.0
T:21/08/10  12:07
http://www.wxlxy.com/GPSTracker.aspx?key=354776937427536@7869249.120@47770.810"
Tista 707-708,8/21/2010 12:07,"lat:24.872103 long:090.012744 speed:044.0
T:21/08/10  12:07
http://www.wxlxy.com/GPSTracker.aspx?key=354776437427636@3488412.144@76464.360"
Tista 707-708,8/21/2010 12:06,"lat:24.870536 long:090.016585 speed:044.0
T:21/08/10  12:06
http://www.wxlxy.com/GPSTracker.aspx?key=354776937427836@7834824.192@132680.810"
Tista 707-708,8/21/2010 12:06,"lat:24.869804 long:090.020475 speed:044.0
T:21/08/10  12:06
http://www.wxlxy.com/GPSTracker.aspx?key=354776737427236@6088628.48@40950.630"
Tista 707-708,8/21/2010 12:05,"lat:24.869165 long:090.024674 speed:044.0
T:21/08/10  12:05
http://www.wxlxy.com/GPSTracker.aspx?key=354776637427936@5214990.216@222066.540"
Tista 707-708,8/21/2010 12:04,"lat:24.867920 long:090.032829 speed:044.0
T:21/08/10  12:04
http://www.wxlxy.com/GPSTracker.aspx?key=354776137427536@867920.120@164145.90"
Tista 707-708,8/21/2010 12:04,"lat:24.867293 long:090.036947 speed:044.0
T:21/08/10  12:04
http://www.wxlxy.com/GPSTracker.aspx?key=354776637427836@5203758.192@295576.540"
Tista 707-708,8/21/2010 12:03,"lat:24.866630 long:090.041341 speed:046.0
T:21/08/10  12:03
http://www.wxlxy.com/GPSTracker.aspx?key=354776637427936@5199780.216@372069.540"
Tista 707-708,8/21/2010 12:03,"lat:24.865934 long:090.045915 speed:048.0
T:21/08/10  12:02
http://www.wxlxy.com/GPSTracker.aspx?key=354776437427736@3463736.168@321405.360"
Tista 707-708,8/21/2010 12:02,"lat:24.865255 long:090.050358 speed:049.0
T:21/08/10  12:02
http://www.wxlxy.com/GPSTracker.aspx?key=354776237427336@1730510.72@151074.180"
Tista 707-708,8/21/2010 12:01,"lat:24.864530 long:090.055127 speed:048.0
T:21/08/10  12:01
http://www.wxlxy.com/GPSTracker.aspx?key=354776737427336@6051710.72@165381.630"
Tista 707-708,8/21/2010 12:01,"lat:24.863843 long:090.059619 speed:046.0
T:21/08/10  12:01
http://www.wxlxy.com/GPSTracker.aspx?key=354776537427836@4319215.192@476952.450"
Tista 707-708,8/21/2010 12:00,"lat:24.863265 long:090.063753 speed:046.0
T:21/08/10  12:00
http://www.wxlxy.com/GPSTracker.aspx?key=354776837427936@6906120.216@573777.720"
Tista 707-708,8/21/2010 12:00,"lat:24.863220 long:090.068115 speed:044.0
T:21/08/10  12:00
http://www.wxlxy.com/GPSTracker.aspx?key=354776737427736@6042540.168@476805.630"
Tista 707-708,8/21/2010 11:59,"lat:24.863232 long:090.072184 speed:044.0
T:21/08/10  11:59
http://www.wxlxy.com/GPSTracker.aspx?key=354776237427836@1726464.192@577472.180"
Tista 707-708,8/21/2010 11:59,"lat:24.863249 long:090.076644 speed:044.0
T:21/08/10  11:58
http://www.wxlxy.com/GPSTracker.aspx?key=354776337427936@2589747.216@689796.270"
Tista 707-708,8/21/2010 11:58,"lat:24.863269 long:090.081087 speed:044.0
T:21/08/10  11:58
http://www.wxlxy.com/GPSTracker.aspx?key=354776437427436@3453076.96@324348.360"
Tista 707-708,8/21/2010 11:57,"lat:24.863285 long:090.085140 speed:044.0
T:21/08/10  11:57
http://www.wxlxy.com/GPSTracker.aspx?key=354776737427836@6042995.192@681120.630"
Tista 707-708,8/21/2010 11:57,"lat:24.863302 long:090.089388 speed:044.0
T:21/08/10  11:57
http://www.wxlxy.com/GPSTracker.aspx?key=354776537427936@4316510.216@804492.450"
Tista 707-708,8/21/2010 11:56,"lat:24.863318 long:090.093408 speed:044.0
T:21/08/10  11:56
http://www.wxlxy.com/GPSTracker.aspx?key=354776437427736@3453272.168@653856.360"
Tista 707-708,8/21/2010 11:56,"lat:24.863330 long:090.097738 speed:044.0
T:21/08/10  11:56
http://www.wxlxy.com/GPSTracker.aspx?key=354776537427936@4316650.216@879642.450"
Tista 707-708,8/21/2010 11:55,"lat:24.863338 long:090.101953 speed:044.0
T:21/08/10  11:55
http://www.wxlxy.com/GPSTracker.aspx?key=354776837427736@6906704.168@713671.720"
Tista 707-708,8/21/2010 11:55,"lat:24.863350 long:090.106348 speed:044.0
T:21/08/10  11:55
http://www.wxlxy.com/GPSTracker.aspx?key=354776237427636@1726700.144@638088.180"
Tista 707-708,8/21/2010 11:54,"lat:24.863570 long:090.110514 speed:042.0
T:21/08/10  11:54
http://www.wxlxy.com/GPSTracker.aspx?key=354776337427836@2590710.192@884112.270"
Tista 707-708,8/21/2010 11:53,"lat:24.864221 long:090.114486 speed:042.0
T:21/08/10  11:53
http://www.wxlxy.com/GPSTracker.aspx?key=354776837427236@6913768.48@228972.720"
Tista 707-708,8/21/2010 11:53,"lat:24.864893 long:090.118571 speed:042.0
T:21/08/10  11:53
http://www.wxlxy.com/GPSTracker.aspx?key=354776637427836@5189358.192@948568.540"
Tista 707-708,8/21/2010 11:52,"lat:24.865523 long:090.122380 speed:042.0
T:21/08/10  11:52
http://www.wxlxy.com/GPSTracker.aspx?key=354776237427936@1731046.216@1101420.180"
Tista 707-708,8/21/2010 11:52,"lat:24.866207 long:090.126514 speed:044.0
T:21/08/10  11:52
http://www.wxlxy.com/GPSTracker.aspx?key=354776437427136@3464828.24@126514.360"
Tista 707-708,8/21/2010 11:51,"lat:24.866915 long:090.130859 speed:046.0
T:21/08/10  11:51
http://www.wxlxy.com/GPSTracker.aspx?key=354776237427336@1733830.72@392577.180"
Tista 707-708,8/21/2010 11:51,"lat:24.867607 long:090.135026 speed:046.0
T:21/08/10  11:51
http://www.wxlxy.com/GPSTracker.aspx?key=354776537427736@4338035.168@945182.450"
Tista 707-708,8/21/2010 11:50,"lat:24.868323 long:090.139404 speed:046.0
T:21/08/10  11:50
http://www.wxlxy.com/GPSTracker.aspx?key=354776237427436@1736646.96@557616.180"
Tista 707-708,8/21/2010 11:50,"lat:24.868978 long:090.143424 speed:046.0
T:21/08/10  11:50
http://www.wxlxy.com/GPSTracker.aspx?key=354776537427836@4344890.192@1147392.450"
Tista 707-708,8/21/2010 11:49,"lat:24.869686 long:090.147738 speed:046.0
T:21/08/10  11:49
http://www.wxlxy.com/GPSTracker.aspx?key=354776537427936@4348430.216@1329642.450"
Tista 707-708,8/21/2010 11:47,"lat:24.872567 long:090.160547 speed:046.0
T:21/08/10  11:47
http://www.wxlxy.com/GPSTracker.aspx?key=354776637427236@5235402.48@321094.540"
Tista 707-708,8/21/2010 11:47,"lat:24.874093 long:090.164551 speed:046.0
T:21/08/10  11:47
http://www.wxlxy.com/GPSTracker.aspx?key=354776537427236@4370465.48@329102.450"
Tista 707-708,8/21/2010 11:46,"lat:24.875720 long:090.168783 speed:046.0
T:21/08/10  11:46
http://www.wxlxy.com/GPSTracker.aspx?key=354776637427136@5254320.24@168783.540"
Tista 707-708,8/21/2010 11:46,"lat:24.877303 long:090.172917 speed:046.0
T:21/08/10  11:46
http://www.wxlxy.com/GPSTracker.aspx?key=354776337427936@2631909.216@1556253.270"
Tista 707-708,8/21/2010 11:45,"lat:24.878813 long:090.176855 speed:048.0
T:21/08/10  11:45
http://www.wxlxy.com/GPSTracker.aspx?key=354776537427436@4394065.96@707420.450"
Tista 707-708,8/21/2010 11:45,"lat:24.879476 long:090.181315 speed:046.0
T:21/08/10  11:44
http://www.wxlxy.com/GPSTracker.aspx?key=354776837427536@7035808.120@906575.720"
Tista 707-708,8/21/2010 11:44,"lat:24.879732 long:090.185514 speed:046.0
T:21/08/10  11:44
http://www.wxlxy.com/GPSTracker.aspx?key=354776337427236@2639196.48@371028.270"
Tista 707-708,8/21/2010 11:43,"lat:24.880005 long:090.190072 speed:046.0
T:21/08/10  11:43
http://www.wxlxy.com/GPSTracker.aspx?key=354776937427836@7920045.192@1520576.810"
Tista 707-708,8/21/2010 11:43,"lat:24.879960 long:090.194629 speed:046.0
T:21/08/10  11:43
http://www.wxlxy.com/GPSTracker.aspx?key=354776837427736@7039680.168@1362403.720"
Tista 707-708,8/21/2010 11:42,"lat:24.878365 long:090.198389 speed:046.0
T:21/08/10  11:42
http://www.wxlxy.com/GPSTracker.aspx?key=354776937427836@7905285.192@1587112.810"
Tista 707-708,8/21/2010 11:42,"lat:24.876363 long:090.202246 speed:046.0
T:21/08/10  11:42
http://www.wxlxy.com/GPSTracker.aspx?key=354776437427936@3505452.216@1820214.360"
Tista 707-708,8/21/2010 11:41,"lat:24.874276 long:090.205729 speed:046.0
T:21/08/10  11:41
http://www.wxlxy.com/GPSTracker.aspx?key=354776837427236@6994208.48@411458.720"
Tista 707-708,8/21/2010 11:41,"lat:24.871077 long:090.208464 speed:046.0
T:21/08/10  11:41
http://www.wxlxy.com/GPSTracker.aspx?key=354776737427236@6097539.48@416928.630"
Tista 707-708,8/21/2010 11:40,"lat:24.867672 long:090.210645 speed:046.0
T:21/08/10  11:40
http://www.wxlxy.com/GPSTracker.aspx?key=354776437427936@3470688.216@1895805.360"
Tista 707-708,8/21/2010 11:40,"lat:24.864164 long:090.212874 speed:046.0
T:21/08/10  11:39
http://www.wxlxy.com/GPSTracker.aspx?key=354776137427336@864164.72@638622.90"
Tista 707-708,8/21/2010 11:39,"lat:24.860575 long:090.215153 speed:046.0
T:21/08/10  11:39
http://www.wxlxy.com/GPSTracker.aspx?key=354776737427836@6024025.192@1721224.630"
Tista 707-708,8/21/2010 11:38,"lat:24.857231 long:090.217285 speed:048.0
T:21/08/10  11:38
http://www.wxlxy.com/GPSTracker.aspx?key=354776937427936@7715079.216@1955565.810"
Tista 707-708,8/21/2010 11:38,"lat:24.853605 long:090.219580 speed:048.0
T:21/08/10  11:38
http://www.wxlxy.com/GPSTracker.aspx?key=354776837427436@6828840.96@878320.720"
Tista 707-708,8/21/2010 11:37,"lat:24.850114 long:090.221794 speed:048.0
T:21/08/10  11:37
http://www.wxlxy.com/GPSTracker.aspx?key=354776537427336@4250570.72@665382.450"
Tista 707-708,8/21/2010 11:37,"lat:24.846521 long:090.224072 speed:048.0
T:21/08/10  11:37
http://www.wxlxy.com/GPSTracker.aspx?key=354776237427536@1693042.120@1120360.180"
Tista 707-708,8/21/2010 11:36,"lat:24.842948 long:090.226335 speed:048.0
T:21/08/10  11:36
http://www.wxlxy.com/GPSTracker.aspx?key=354776737427936@5900636.216@2037015.630"
Tista 707-708,8/21/2010 11:36,"lat:24.839909 long:090.228971 speed:046.0
T:21/08/10  11:36
http://www.wxlxy.com/GPSTracker.aspx?key=354776237427536@1679818.120@1144855.180"
Tista 707-708,8/21/2010 11:35,"lat:24.836829 long:090.231966 speed:048.0
T:21/08/10  11:35
http://www.wxlxy.com/GPSTracker.aspx?key=354776437427336@3347316.72@695898.360"
Tista 707-708,8/21/2010 11:35,"lat:24.834025 long:090.235107 speed:048.0
T:21/08/10  11:34
http://www.wxlxy.com/GPSTracker.aspx?key=354776337427136@2502075.24@235107.270"
Tista 707-708,8/21/2010 11:34,"lat:24.831551 long:090.238867 speed:044.0
T:21/08/10  11:34
http://www.wxlxy.com/GPSTracker.aspx?key=354776337427936@2494653.216@2149803.270"
Tista 707-708,8/21/2010 11:33,"lat:24.828910 long:090.242074 speed:042.0
T:21/08/10  11:33
http://www.wxlxy.com/GPSTracker.aspx?key=354776337427936@2486730.216@2178666.270"
Tista 707-708,8/21/2010 11:33,"lat:24.827608 long:090.245605 speed:042.0
T:21/08/10  11:33
http://www.wxlxy.com/GPSTracker.aspx?key=354776437427636@3310432.144@1473630.360"
Tista 707-708,8/21/2010 11:32,"lat:24.826978 long:090.249740 speed:042.0
T:21/08/10  11:32
http://www.wxlxy.com/GPSTracker.aspx?key=354776437427536@3307912.120@1248700.360"
Tista 707-708,8/21/2010 11:32,"lat:24.826265 long:090.253564 speed:042.0
T:21/08/10  11:32
http://www.wxlxy.com/GPSTracker.aspx?key=354776837427736@6610120.168@1774948.720"
Tista 707-708,8/21/2010 11:31,"lat:24.824898 long:090.257487 speed:042.0
T:21/08/10  11:31
http://www.wxlxy.com/GPSTracker.aspx?key=354776737427336@5774286.72@772461.630"
Tista 707-708,8/21/2010 11:31,"lat:24.823519 long:090.261263 speed:042.0
T:21/08/10  11:30
http://www.wxlxy.com/GPSTracker.aspx?key=354776137427136@823519.24@261263.90"
Tista 707-708,8/21/2010 11:29,"lat:24.820101 long:090.270605 speed:044.0
T:21/08/10  11:29
http://www.wxlxy.com/GPSTracker.aspx?key=354776237427636@1640202.144@1623630.180"
Tista 707-708,8/21/2010 11:29,"lat:24.818713 long:090.274398 speed:044.0
T:21/08/10  11:29
http://www.wxlxy.com/GPSTracker.aspx?key=354776537427436@4093565.96@1097592.450"
Tista 707-708,8/21/2010 11:28,"lat:24.817232 long:090.278434 speed:044.0
T:21/08/10  11:28
http://www.wxlxy.com/GPSTracker.aspx?key=354776437427836@3268928.192@2227472.360"
Tista 707-708,8/21/2010 11:27,"lat:24.815885 long:090.282129 speed:044.0
T:21/08/10  11:27
http://www.wxlxy.com/GPSTracker.aspx?key=354776837427936@6527080.216@2539161.720"
Tista 707-708,8/21/2010 11:27,"lat:24.814417 long:090.286149 speed:044.0
T:21/08/10  11:27
http://www.wxlxy.com/GPSTracker.aspx?key=354776537427936@4072085.216@2575341.450"
Tista 707-708,8/21/2010 11:25,"lat:24.810339 long:090.297331 speed:040.0
T:21/08/10  11:25
http://www.wxlxy.com/GPSTracker.aspx?key=354776737427936@5672373.216@2675979.630"
Tista 707-708,8/21/2010 11:25,"lat:24.808577 long:090.300521 speed:042.0
T:21/08/10  11:25
http://www.wxlxy.com/GPSTracker.aspx?key=354776837427536@6468616.120@1502605.720"
Tista 707-708,8/21/2010 11:24,"lat:24.805770 long:090.303385 speed:042.0
T:21/08/10  11:24
http://www.wxlxy.com/GPSTracker.aspx?key=354776237427536@1611540.120@1516925.180"
Tista 707-708,8/21/2010 11:24,"lat:24.803202 long:090.306006 speed:042.0
T:21/08/10  11:23
http://www.wxlxy.com/GPSTracker.aspx?key=354776937427736@7228818.168@2142042.810"
Tista 707-708,8/21/2010 11:22,"lat:24.797030 long:090.312728 speed:040.0
T:21/08/10  11:22
http://www.wxlxy.com/GPSTracker.aspx?key=354776537427236@3985150.48@625456.450"
Tista 707-708,8/21/2010 11:22,"lat:24.794743 long:090.315788 speed:040.0
T:21/08/10  11:22
http://www.wxlxy.com/GPSTracker.aspx?key=354776937427236@7152687.48@631576.810"
Tista 707-708,8/21/2010 11:21,"lat:24.793156 long:090.319287 speed:038.0
T:21/08/10  11:21
http://www.wxlxy.com/GPSTracker.aspx?key=354776937427536@7138404.120@1596435.810"
Tista 707-708,8/21/2010 11:20,"lat:24.791825 long:090.322559 speed:038.0
T:21/08/10  11:20
http://www.wxlxy.com/GPSTracker.aspx?key=354776137427936@791825.216@2903031.90"
Tista 707-708,8/21/2010 11:20,"lat:24.790426 long:090.325993 speed:038.0
T:21/08/10  11:20
http://www.wxlxy.com/GPSTracker.aspx?key=354776837427136@6323408.24@325993.720"
Tista 707-708,8/21/2010 11:19,"lat:24.788123 long:090.332585 speed:037.0
T:21/08/10  11:19
http://www.wxlxy.com/GPSTracker.aspx?key=354776437427536@3152492.120@1662925.360"
Tista 707-708,8/21/2010 11:18,"lat:24.787244 long:090.335758 speed:035.0
T:21/08/10  11:18
http://www.wxlxy.com/GPSTracker.aspx?key=354776637427736@4723464.168@2350306.540"
Tista 707-708,8/21/2010 11:18,"lat:24.786336 long:090.338997 speed:035.0
T:21/08/10  11:18
http://www.wxlxy.com/GPSTracker.aspx?key=354776637427736@4718016.168@2372979.540"
Tista 707-708,8/21/2010 11:17,"lat:24.785482 long:090.342074 speed:033.0
T:21/08/10  11:17
http://www.wxlxy.com/GPSTracker.aspx?key=354776237427836@1570964.192@2736592.180"
Tista 707-708,8/21/2010 11:17,"lat:24.784725 long:090.344824 speed:031.0
T:21/08/10  11:17
http://www.wxlxy.com/GPSTracker.aspx?key=354776337427936@2354175.216@3103416.270"
Tista 707-708,8/21/2010 11:15,"lat:24.782711 long:090.350505 speed:020.0
T:21/08/10  11:15
http://www.wxlxy.com/GPSTracker.aspx?key=354776937427636@7044399.144@2103030.810"
Tista 707-708,8/21/2010 11:15,"lat:24.781873 long:090.352051 speed:018.0
T:21/08/10  11:15
http://www.wxlxy.com/GPSTracker.aspx?key=354776737427236@5473111.48@704102.630"
Tista 707-708,8/21/2010 11:14,"lat:24.781059 long:090.353564 speed:018.0
T:21/08/10  11:14
http://www.wxlxy.com/GPSTracker.aspx?key=354776437427936@3124236.216@3182076.360"
Tista 707-708,8/21/2010 11:13,"lat:24.780139 long:090.355273 speed:020.0
T:21/08/10  11:13
http://www.wxlxy.com/GPSTracker.aspx?key=354776637427236@4680834.48@710546.540"
Tista 707-708,8/21/2010 11:13,"lat:24.779065 long:090.357259 speed:025.0
T:21/08/10  11:13
http://www.wxlxy.com/GPSTracker.aspx?key=354776837427536@6232520.120@1786295.720"
Tista 707-708,8/21/2010 11:11,"lat:24.774475 long:090.366406 speed:038.0
T:21/08/10  11:11
http://www.wxlxy.com/GPSTracker.aspx?key=354776237427536@1548950.120@1832030.180"
Tista 707-708,8/21/2010 11:10,"lat:24.771647 long:090.373128 speed:040.0
T:21/08/10  11:10
http://www.wxlxy.com/GPSTracker.aspx?key=354776237427536@1543294.120@1865640.180"
Tista 707-708,8/21/2010 11:09,"lat:24.770129 long:090.376725 speed:042.0
T:21/08/10  11:09
http://www.wxlxy.com/GPSTracker.aspx?key=354776737427336@5390903.72@1130175.630"
Tista 707-708,8/21/2010 11:09,"lat:24.768591 long:090.380127 speed:042.0
T:21/08/10  11:09
http://www.wxlxy.com/GPSTracker.aspx?key=354776537427936@3842955.216@3421143.450"
Tista 707-708,8/21/2010 11:07,"lat:24.761698 long:090.390918 speed:037.0
T:21/08/10  11:07
http://www.wxlxy.com/GPSTracker.aspx?key=354776837427136@6093584.24@390918.720"
Tista 707-708,8/21/2010 11:06,"lat:24.759994 long:090.393587 speed:035.0
T:21/08/10  11:06
http://www.wxlxy.com/GPSTracker.aspx?key=354776837427936@6079952.216@3542283.720"
Tista 707-708,8/21/2010 11:06,"lat:24.758219 long:090.396354 speed:033.0
T:21/08/10  11:06
http://www.wxlxy.com/GPSTracker.aspx?key=354776237427836@1516438.192@3170832.180"
Tista 707-708,8/21/2010 11:05,"lat:24.756775 long:090.398975 speed:031.0
T:21/08/10  11:05
http://www.wxlxy.com/GPSTracker.aspx?key=354776337427936@2270325.216@3590775.270"
Tista 707-708,8/21/2010 11:05,"lat:24.756018 long:090.401823 speed:027.0
T:21/08/10  11:05
http://www.wxlxy.com/GPSTracker.aspx?key=354776237427436@1512036.96@1607292.180"
Tista 707-708,8/21/2010 11:03,"lat:24.755062 long:090.407682 speed:011.0
T:21/08/10  11:03
http://www.wxlxy.com/GPSTracker.aspx?key=354776737427136@5285434.24@407682.630"
Tista 707-708,8/21/2010 11:02,"lat:24.754692 long:090.408350 speed:000.0
T:21/08/10  11:02
http://www.wxlxy.com/GPSTracker.aspx?key=354776437427336@3018768.72@1225050.360"
Tista 707-708,8/21/2010 11:02,"lat:24.754565 long:090.408496 speed:000.0
T:21/08/10  11:02
http://www.wxlxy.com/GPSTracker.aspx?key=354776637427936@4527390.216@3676464.540"
Tista 707-708,8/21/2010 11:01,"lat:24.754565 long:090.408496 speed:000.0
T:21/08/10  11:01
http://www.wxlxy.com/GPSTracker.aspx?key=354776337427436@2263695.96@1633984.270"
Tista 707-708,8/21/2010 11:01,"lat:24.754565 long:090.408496 speed:000.0
T:21/08/10  11:01
http://www.wxlxy.com/GPSTracker.aspx?key=354776637427736@4527390.168@2859472.540"
Tista 707-708,8/21/2010 10:59,"lat:24.754565 long:090.408496 speed:000.0
T:21/08/10  10:59
http://www.wxlxy.com/GPSTracker.aspx?key=354776437427536@3018260.120@2042480.360"
Tista 707-708,8/21/2010 10:59,"lat:24.754565 long:090.408496 speed:000.0
T:21/08/10  10:59
http://www.wxlxy.com/GPSTracker.aspx?key=354776337427636@2263695.144@2450976.270"
Tista 707-708,8/21/2010 10:58,"lat:24.754565 long:090.408496 speed:000.0
T:21/08/10  10:58
http://www.wxlxy.com/GPSTracker.aspx?key=354776537427436@3772825.96@1633984.450"
Tista 707-708,8/21/2010 10:58,"lat:24.754565 long:090.408496 speed:000.0
T:21/08/10  10:58
http://www.wxlxy.com/GPSTracker.aspx?key=354776537427436@3772825.96@1633984.450"
Tista 707-708,8/21/2010 10:57,"lat:24.754565 long:090.408496 speed:000.0
T:21/08/10  10:57
http://www.wxlxy.com/GPSTracker.aspx?key=354776837427436@6036520.96@1633984.720"
Tista 707-708,8/21/2010 10:54,"lat:24.754565 long:090.408496 speed:000.0
T:21/08/10  10:54
http://www.wxlxy.com/GPSTracker.aspx?key=354776237427936@1509130.216@3676464.180"
Tista 707-708,8/21/2010 10:54,"lat:24.754268 long:090.408968 speed:012.0
T:21/08/10  10:54
http://www.wxlxy.com/GPSTracker.aspx?key=354776537427636@3771340.144@2453808.450"
Tista 707-708,8/21/2010 10:53,"lat:24.753520 long:090.410156 speed:012.0
T:21/08/10  10:53
http://www.wxlxy.com/GPSTracker.aspx?key=354776937427836@6781680.192@3281248.810"
Tista 707-708,8/21/2010 10:53,"lat:24.752572 long:090.411719 speed:020.0
T:21/08/10  10:53
http://www.wxlxy.com/GPSTracker.aspx?key=354776937427936@6773148.216@3705471.810"
Tista 707-708,8/21/2010 10:52,"lat:24.751530 long:090.413395 speed:022.0
T:21/08/10  10:52
http://www.wxlxy.com/GPSTracker.aspx?key=354776837427936@6012240.216@3720555.720"
Tista 707-708,8/21/2010 10:49,"lat:24.736715 long:090.426074 speed:049.0
T:21/08/10  10:49
http://www.wxlxy.com/GPSTracker.aspx?key=354776237427936@1473430.216@3834666.180"
Tista 707-708,8/21/2010 10:48,"lat:24.732804 long:090.428581 speed:049.0
T:21/08/10  10:48
http://www.wxlxy.com/GPSTracker.aspx?key=354776137427136@732804.24@428581.90"
Tista 707-708,8/21/2010 10:47,"lat:24.725419 long:090.433284 speed:049.0
T:21/08/10  10:47
http://www.wxlxy.com/GPSTracker.aspx?key=354776737427736@5077933.168@3032988.630"
Tista 707-708,8/21/2010 10:46,"lat:24.716484 long:090.438965 speed:051.0
T:21/08/10  10:46
http://www.wxlxy.com/GPSTracker.aspx?key=354776937427536@6448356.120@2194825.810"
Tista 707-708,8/21/2010 10:45,"lat:24.712695 long:090.441390 speed:051.0
T:21/08/10  10:45
http://www.wxlxy.com/GPSTracker.aspx?key=354776137427336@712695.72@1324170.90"
Tista 707-708,8/21/2010 10:44,"lat:24.705221 long:090.446143 speed:051.0
T:21/08/10  10:44
http://www.wxlxy.com/GPSTracker.aspx?key=354776237427236@1410442.48@892286.180"
Tista 707-708,8/21/2010 10:43,"lat:24.701172 long:090.448730 speed:053.0
T:21/08/10  10:43
http://www.wxlxy.com/GPSTracker.aspx?key=354776537427536@3505860.120@2243650.450"
Tista 707-708,8/21/2010 10:41,"lat:24.684070 long:090.454590 speed:057.0
T:21/08/10  10:41
http://www.wxlxy.com/GPSTracker.aspx?key=354776537427436@3420350.96@1818360.450"
Tista 707-708,8/21/2010 10:41,"lat:24.679045 long:090.454525 speed:059.0
T:21/08/10  10:41
http://www.wxlxy.com/GPSTracker.aspx?key=354776737427836@4753315.192@3636200.630"
Tista 707-708,8/21/2010 10:40,"lat:24.673897 long:090.454443 speed:059.0
T:21/08/10  10:40
http://www.wxlxy.com/GPSTracker.aspx?key=354776937427936@6065073.216@4089987.810"
Tista 707-708,8/21/2010 10:40,"lat:24.668945 long:090.454362 speed:057.0
T:21/08/10  10:40
http://www.wxlxy.com/GPSTracker.aspx?key=354776937427736@6020505.168@3180534.810"
Tista 707-708,8/21/2010 10:39,"lat:24.663831 long:090.454281 speed:057.0
T:21/08/10  10:39
http://www.wxlxy.com/GPSTracker.aspx?key=354776437427836@2655324.192@3634248.360"
Tista 707-708,8/21/2010 10:37,"lat:24.648307 long:090.454053 speed:053.0
T:21/08/10  10:37
http://www.wxlxy.com/GPSTracker.aspx?key=354776737427736@4538149.168@3178371.630"
Tista 707-708,8/21/2010 10:37,"lat:24.643575 long:090.454297 speed:055.0
T:21/08/10  10:37
http://www.wxlxy.com/GPSTracker.aspx?key=354776237427936@1287150.216@4088673.180"
Tista 707-708,8/21/2010 10:36,"lat:24.639400 long:090.455957 speed:053.0
T:21/08/10  10:36
http://www.wxlxy.com/GPSTracker.aspx?key=354776437427536@2557600.120@2279785.360"
Tista 707-708,8/21/2010 10:36,"lat:24.635620 long:090.459212 speed:053.0
T:21/08/10  10:35
http://www.wxlxy.com/GPSTracker.aspx?key=354776737427336@4449340.72@1377636.630"
Tista 707-708,8/21/2010 10:35,"lat:24.632332 long:090.462500 speed:051.0
T:21/08/10  10:35
http://www.wxlxy.com/GPSTracker.aspx?key=354776637427736@3793992.168@3237500.540"
Tista 707-708,8/21/2010 10:33,"lat:24.618909 long:090.475928 speed:053.0
T:21/08/10  10:33
http://www.wxlxy.com/GPSTracker.aspx?key=354776537427936@3094545.216@4283352.450"
Tista 707-708,8/21/2010 10:32,"lat:24.615572 long:090.479281 speed:053.0
T:21/08/10  10:32
http://www.wxlxy.com/GPSTracker.aspx?key=354776237427236@1231144.48@958562.180"
Tista 707-708,8/21/2010 10:32,"lat:24.612174 long:090.482682 speed:051.0
T:21/08/10  10:32
http://www.wxlxy.com/GPSTracker.aspx?key=354776837427936@4897392.216@4344138.720"
Tista 707-708,8/21/2010 10:31,"lat:24.609054 long:090.485807 speed:051.0
T:21/08/10  10:31
http://www.wxlxy.com/GPSTracker.aspx?key=354776537427936@3045270.216@4372263.450"
Tista 707-708,8/21/2010 10:31,"lat:24.605672 long:090.489193 speed:051.0
T:21/08/10  10:30
http://www.wxlxy.com/GPSTracker.aspx?key=354776837427936@4845376.216@4402737.720"
Tista 707-708,8/21/2010 10:26,"lat:24.578328 long:090.508057 speed:051.0
T:21/08/10  10:26
http://www.wxlxy.com/GPSTracker.aspx?key=354776237427436@1156656.96@2032228.180"
Tista 707-708,8/21/2010 10:26,"lat:24.574080 long:090.508122 speed:051.0
T:21/08/10  10:26
http://www.wxlxy.com/GPSTracker.aspx?key=354776837427636@4592640.144@3048732.720"
Tista 707-708,8/21/2010 10:25,"lat:24.569621 long:090.508154 speed:051.0
T:21/08/10  10:25
http://www.wxlxy.com/GPSTracker.aspx?key=354776837427936@4556968.216@4573386.720"
Tista 707-708,8/21/2010 10:25,"lat:24.565377 long:090.508219 speed:051.0
T:21/08/10  10:25
http://www.wxlxy.com/GPSTracker.aspx?key=354776237427536@1130754.120@2541095.180"
Tista 707-708,8/21/2010 10:24,"lat:24.560836 long:090.508285 speed:051.0
T:21/08/10  10:24
http://www.wxlxy.com/GPSTracker.aspx?key=354776537427736@2804180.168@3557995.450"
Tista 707-708,8/21/2010 10:22,"lat:24.546191 long:090.508464 speed:051.0
T:21/08/10  10:22
http://www.wxlxy.com/GPSTracker.aspx?key=354776237427936@1092382.216@4576176.180"
Tista 707-708,8/21/2010 10:22,"lat:24.541561 long:090.508529 speed:051.0
T:21/08/10  10:22
http://www.wxlxy.com/GPSTracker.aspx?key=354776737427236@3790927.48@1017058.630"
Tista 707-708,8/21/2010 10:21,"lat:24.532467 long:090.508659 speed:053.0
T:21/08/10  10:21
http://www.wxlxy.com/GPSTracker.aspx?key=354776337427136@1597401.24@508659.270"
Tista 707-708,8/21/2010 10:20,"lat:24.527767 long:090.508724 speed:053.0
T:21/08/10  10:20
http://www.wxlxy.com/GPSTracker.aspx?key=354776337427536@1583301.120@2543620.270"
Tista 707-708,8/21/2010 10:19,"lat:24.520190 long:090.509391 speed:051.0
T:21/08/10  10:19
http://www.wxlxy.com/GPSTracker.aspx?key=354776737427836@3641330.192@4075128.630"
Tista 707-708,8/21/2010 10:19,"lat:24.516158 long:090.511393 speed:051.0
T:21/08/10  10:18
http://www.wxlxy.com/GPSTracker.aspx?key=354776737427836@3613106.192@4091144.630"
Tista 707-708,8/21/2010 10:18,"lat:24.512305 long:090.513623 speed:051.0
T:21/08/10  10:18
http://www.wxlxy.com/GPSTracker.aspx?key=354776437427236@2049220.48@1027246.360"
Tista 707-708,8/21/2010 10:17,"lat:24.508167 long:090.516032 speed:053.0
T:21/08/10  10:17
http://www.wxlxy.com/GPSTracker.aspx?key=354776537427136@2540835.24@516032.450"
Tista 707-708,8/21/2010 10:17,"lat:24.503979 long:090.518473 speed:053.0
T:21/08/10  10:17
http://www.wxlxy.com/GPSTracker.aspx?key=354776437427236@2015916.48@1036946.360"
Tista 707-708,8/21/2010 10:16,"lat:24.498767 long:090.521501 speed:053.0
T:21/08/10  10:16
http://www.wxlxy.com/GPSTracker.aspx?key=354776637427836@2992602.192@4172008.540"
Tista 707-708,8/21/2010 10:16,"lat:24.494828 long:090.523779 speed:053.0
T:21/08/10  10:16
http://www.wxlxy.com/GPSTracker.aspx?key=354776537427436@2474140.96@2095116.450"
Tista 707-708,8/21/2010 10:15,"lat:24.490690 long:090.526204 speed:053.0
T:21/08/10  10:15
http://www.wxlxy.com/GPSTracker.aspx?key=354776737427836@3434830.192@4209632.630"
Tista 707-708,8/21/2010 10:14,"lat:24.486865 long:090.528418 speed:051.0
T:21/08/10  10:14
http://www.wxlxy.com/GPSTracker.aspx?key=354776537427436@2434325.96@2113672.450"
Tista 707-708,8/21/2010 10:14,"lat:24.482906 long:090.530713 speed:049.0
T:21/08/10  10:14
http://www.wxlxy.com/GPSTracker.aspx?key=354776237427136@965812.24@530713.180"
Tista 707-708,8/21/2010 10:14,"lat:24.480078 long:090.532357 speed:049.0
T:21/08/10  10:13
http://www.wxlxy.com/GPSTracker.aspx?key=354776637427236@2880468.48@1064714.540"
Tista 707-708,8/21/2010 10:13,"lat:24.473918 long:090.535954 speed:046.0
T:21/08/10  10:12
http://www.wxlxy.com/GPSTracker.aspx?key=354776737427736@3317426.168@3751678.630"
Tista 707-708,8/21/2010 10:12,"lat:24.470565 long:090.537891 speed:044.0
T:21/08/10  10:12
http://www.wxlxy.com/GPSTracker.aspx?key=354776637427536@2823390.120@2689455.540"
Tista 707-708,8/21/2010 10:11,"lat:24.467228 long:090.539844 speed:040.0
T:21/08/10  10:11
http://www.wxlxy.com/GPSTracker.aspx?key=354776537427436@2336140.96@2159376.450"
Tista 707-708,8/21/2010 10:11,"lat:24.464217 long:090.541585 speed:037.0
T:21/08/10  10:11
http://www.wxlxy.com/GPSTracker.aspx?key=354776437427236@1856868.48@1083170.360"
Tista 707-708,8/21/2010 10:10,"lat:24.461625 long:090.543099 speed:033.0
T:21/08/10  10:10
http://www.wxlxy.com/GPSTracker.aspx?key=354776937427836@4154625.192@4344792.810"
Tista 707-708,8/21/2010 10:09,"lat:24.456543 long:090.546061 speed:018.0
T:21/08/10  10:09
http://www.wxlxy.com/GPSTracker.aspx?key=354776337427336@1369629.72@1638183.270"
Tista 707-708,8/21/2010 10:08,"lat:24.455290 long:090.546826 speed:012.0
T:21/08/10  10:08
http://www.wxlxy.com/GPSTracker.aspx?key=354776237427336@910580.72@1640478.180"
Tista 707-708,8/21/2010 10:08,"lat:24.454606 long:090.547200 speed:000.0
T:21/08/10  10:08
http://www.wxlxy.com/GPSTracker.aspx?key=354776637427436@2727636.96@2188800.540"
Tista 707-708,8/21/2010 10:07,"lat:24.454606 long:090.547200 speed:000.0
T:21/08/10  10:07
http://www.wxlxy.com/GPSTracker.aspx?key=354776537427836@2273030.192@4377600.450"
Tista 707-708,8/21/2010 10:07,"lat:24.454606 long:090.547200 speed:000.0
T:21/08/10  10:07
http://www.wxlxy.com/GPSTracker.aspx?key=354776737427636@3182242.144@3283200.630"
Tista 707-708,8/21/2010 10:05,"lat:24.454175 long:090.547461 speed:012.0
T:21/08/10  10:05
http://www.wxlxy.com/GPSTracker.aspx?key=354776137427736@454175.168@3832227.90"
Tista 707-708,8/21/2010 10:05,"lat:24.452738 long:090.548307 speed:024.0
T:21/08/10  10:05
http://www.wxlxy.com/GPSTracker.aspx?key=354776637427736@2716428.168@3838149.540"
Tista 707-708,8/21/2010 10:04,"lat:24.450557 long:090.549528 speed:031.0
T:21/08/10  10:04
http://www.wxlxy.com/GPSTracker.aspx?key=354776737427736@3153899.168@3846696.630"
Tista 707-708,8/21/2010 10:04,"lat:24.448128 long:090.550928 speed:035.0
T:21/08/10  10:04
http://www.wxlxy.com/GPSTracker.aspx?key=354776237427636@896256.144@3305568.180"
Tista 707-708,8/21/2010 10:02,"lat:24.435494 long:090.550993 speed:048.0
T:21/08/10  10:02
http://www.wxlxy.com/GPSTracker.aspx?key=354776837427236@3483952.48@1101986.720"
Tista 707-708,8/21/2010 10:01,"lat:24.431592 long:090.549805 speed:048.0
T:21/08/10  10:01
http://www.wxlxy.com/GPSTracker.aspx?key=354776237427236@863184.48@1099610.180"
Tista 707-708,8/21/2010 10:00,"lat:24.427490 long:090.548568 speed:048.0
T:21/08/10  10:00
http://www.wxlxy.com/GPSTracker.aspx?key=354776537427536@2137450.120@2742840.450"
Tista 707-708,8/21/2010 10:00,"lat:24.423364 long:090.547314 speed:048.0
T:21/08/10  10:00
http://www.wxlxy.com/GPSTracker.aspx?key=354776537427136@2116820.24@547314.450"
Tista 707-708,8/21/2010 9:59,"lat:24.419320 long:090.546094 speed:049.0
T:21/08/10  09:59
http://www.wxlxy.com/GPSTracker.aspx?key=354776637427436@2515920.96@2184376.540"
Tista 707-708,8/21/2010 9:59,"lat:24.413542 long:090.544352 speed:051.0
T:21/08/10  09:59
http://www.wxlxy.com/GPSTracker.aspx?key=354776637427336@2481252.72@1633056.540"
Tista 707-708,8/21/2010 9:57,"lat:24.398792 long:090.539876 speed:046.0
T:21/08/10  09:57
http://www.wxlxy.com/GPSTracker.aspx?key=354776537427736@1993960.168@3779132.450"
Tista 707-708,8/21/2010 9:56,"lat:24.394922 long:090.538721 speed:042.0
T:21/08/10  09:56
http://www.wxlxy.com/GPSTracker.aspx?key=354776237427536@789844.120@2693605.180"
Tista 707-708,8/21/2010 9:55,"lat:24.391532 long:090.537679 speed:040.0
T:21/08/10  09:55
http://www.wxlxy.com/GPSTracker.aspx?key=354776837427936@3132256.216@4839111.720"
Tista 707-708,8/21/2010 9:55,"lat:24.388245 long:090.536686 speed:037.0
T:21/08/10  09:55
http://www.wxlxy.com/GPSTracker.aspx?key=354776537427136@1941225.24@536686.450"
Tista 707-708,8/21/2010 9:54,"lat:24.385433 long:090.535840 speed:033.0
T:21/08/10  09:54
http://www.wxlxy.com/GPSTracker.aspx?key=354776537427736@1927165.168@3750880.450"
Tista 707-708,8/21/2010 9:52,"lat:24.378125 long:090.533643 speed:000.0
T:21/08/10  09:52
http://www.wxlxy.com/GPSTracker.aspx?key=354776237427536@756250.120@2668215.180"
Tista 707-708,8/21/2010 9:51,"lat:24.378125 long:090.533643 speed:000.0
T:21/08/10  09:51
http://www.wxlxy.com/GPSTracker.aspx?key=354776937427736@3403125.168@3735501.810"
Tista 707-708,8/21/2010 9:51,"lat:24.378125 long:090.533643 speed:000.0
T:21/08/10  09:51
http://www.wxlxy.com/GPSTracker.aspx?key=354776637427736@2268750.168@3735501.540"
Tista 707-708,8/21/2010 9:50,"lat:24.378125 long:090.533643 speed:000.0
T:21/08/10  09:50
http://www.wxlxy.com/GPSTracker.aspx?key=354776737427536@2646875.120@2668215.630"
Tista 707-708,8/21/2010 9:50,"lat:24.378125 long:090.533643 speed:000.0
T:21/08/10  09:50
http://www.wxlxy.com/GPSTracker.aspx?key=354776537427436@1890625.96@2134572.450"
Tista 707-708,8/21/2010 9:48,"lat:24.376188 long:090.533057 speed:027.0
T:21/08/10  09:48
http://www.wxlxy.com/GPSTracker.aspx?key=354776237427536@752376.120@2665285.180"
Tista 707-708,8/21/2010 9:47,"lat:24.373254 long:090.532161 speed:040.0
T:21/08/10  09:47
http://www.wxlxy.com/GPSTracker.aspx?key=354776637427236@2239524.48@1064322.540"
Tista 707-708,8/21/2010 9:47,"lat:24.369430 long:090.531006 speed:048.0
T:21/08/10  09:47
http://www.wxlxy.com/GPSTracker.aspx?key=354776837427636@2955440.144@3186036.720"
Tista 707-708,8/21/2010 9:46,"lat:24.365381 long:090.529785 speed:049.0
T:21/08/10  09:46
http://www.wxlxy.com/GPSTracker.aspx?key=354776237427236@730762.48@1059570.180"
Tista 707-708,8/21/2010 9:46,"lat:24.361051 long:090.528467 speed:049.0
T:21/08/10  09:46
http://www.wxlxy.com/GPSTracker.aspx?key=354776337427236@1083153.48@1056934.270"
Tista 707-708,8/21/2010 9:46,"lat:24.359208 long:090.527913 speed:049.0
T:21/08/10  09:45
http://www.wxlxy.com/GPSTracker.aspx?key=354776237427436@718416.96@2111652.180"
Tista 707-708,8/21/2010 9:45,"lat:24.355086 long:090.526660 speed:051.0
T:21/08/10  09:45
http://www.wxlxy.com/GPSTracker.aspx?key=354776637427736@2130516.168@3686620.540"
Tista 707-708,8/21/2010 9:43,"lat:24.340898 long:090.522380 speed:049.0
T:21/08/10  09:43
http://www.wxlxy.com/GPSTracker.aspx?key=354776637427436@2045388.96@2089520.540"
Tista 707-708,8/21/2010 9:43,"lat:24.336633 long:090.521094 speed:049.0
T:21/08/10  09:42
http://www.wxlxy.com/GPSTracker.aspx?key=354776737427636@2356431.144@3126564.630"
Tista 707-708,8/21/2010 9:42,"lat:24.332353 long:090.519808 speed:051.0
T:21/08/10  09:42
http://www.wxlxy.com/GPSTracker.aspx?key=354776237427636@664706.144@3118848.180"
Tista 707-708,8/21/2010 9:41,"lat:24.328109 long:090.518522 speed:051.0
T:21/08/10  09:41
http://www.wxlxy.com/GPSTracker.aspx?key=354776937427236@2952981.48@1037044.810"
Tista 707-708,8/21/2010 9:41,"lat:24.323682 long:090.517188 speed:053.0
T:21/08/10  09:41
http://www.wxlxy.com/GPSTracker.aspx?key=354776437427836@1294728.192@4137504.360"
Tista 707-708,8/21/2010 9:39,"lat:24.311125 long:090.513395 speed:046.0
T:21/08/10  09:39
http://www.wxlxy.com/GPSTracker.aspx?key=354776237427736@622250.168@3593765.180"
Tista 707-708,8/21/2010 9:38,"lat:24.303353 long:090.511051 speed:049.0
T:21/08/10  09:38
http://www.wxlxy.com/GPSTracker.aspx?key=354776937427736@2730177.168@3577357.810"
Tista 707-708,8/21/2010 9:37,"lat:24.294804 long:090.508464 speed:053.0
T:21/08/10  09:37
http://www.wxlxy.com/GPSTracker.aspx?key=354776737427236@2063628.48@1016928.630"
Tista 707-708,8/21/2010 9:34,"lat:24.272738 long:090.501807 speed:057.0
T:21/08/10  09:34
http://www.wxlxy.com/GPSTracker.aspx?key=354776437427536@1090952.120@2509035.360"
Tista 707-708,8/21/2010 9:34,"lat:24.268058 long:090.500407 speed:059.0
T:21/08/10  09:34
http://www.wxlxy.com/GPSTracker.aspx?key=354776237427336@536116.72@1501221.180"
Tista 707-708,8/21/2010 9:33,"lat:24.263041 long:090.498877 speed:057.0
T:21/08/10  09:33
http://www.wxlxy.com/GPSTracker.aspx?key=354776137427236@263041.48@997754.90"
Tista 707-708,8/21/2010 9:32,"lat:24.258293 long:090.497461 speed:055.0
T:21/08/10  09:32
http://www.wxlxy.com/GPSTracker.aspx?key=354776237427936@516586.216@4477149.180"
Tista 707-708,8/21/2010 9:32,"lat:24.253992 long:090.496143 speed:053.0
T:21/08/10  09:32
http://www.wxlxy.com/GPSTracker.aspx?key=354776937427236@2285928.48@992286.810"
